STAZIONE;PARAMETRO;DATA (formato AAAAMMGG);MEDIA GIORNALIERA IN �g/m� A TEMP. AMBIENTE (NaN=non valida o non disponibile);VALIDITA' (1=valido, 0=invalido)
LU-CAPANNORI;PM2.5;20200101;122;1
LU-CAPANNORI;PM2.5;20200102;99;1
LU-CAPANNORI;PM2.5;20200103;97;1
LU-CAPANNORI;PM2.5;20200104;71;1
LU-CAPANNORI;PM2.5;20200105;60;1
LU-CAPANNORI;PM2.5;20200106;68;1
LU-CAPANNORI;PM2.5;20200107;92;1
LU-CAPANNORI;PM2.5;20200108;82;1
LU-CAPANNORI;PM2.5;20200109;82;1
LU-CAPANNORI;PM2.5;20200110;84;1
LU-CAPANNORI;PM2.5;20200111;56;1
LU-CAPANNORI;PM2.5;20200112;42;1
LU-CAPANNORI;PM2.5;20200113;60;1
LU-CAPANNORI;PM2.5;20200114;79;1
LU-CAPANNORI;PM2.5;20200115;61;1
LU-CAPANNORI;PM2.5;20200116;52;1
LU-CAPANNORI;PM2.5;20200117;55;1
LU-CAPANNORI;PM2.5;20200118;37;1
LU-CAPANNORI;PM2.5;20200119;17;1
LU-CAPANNORI;PM2.5;20200120;10;1
LU-CAPANNORI;PM2.5;20200121;40;1
LU-CAPANNORI;PM2.5;20200122;58;1
LU-CAPANNORI;PM2.5;20200123;67;1
LU-CAPANNORI;PM2.5;20200124;66;1
LU-CAPANNORI;PM2.5;20200125;30;1
LU-CAPANNORI;PM2.5;20200126;49;1
LU-CAPANNORI;PM2.5;20200127;43;1
LU-CAPANNORI;PM2.5;20200128;9;1
LU-CAPANNORI;PM2.5;20200129;15;1
LU-CAPANNORI;PM2.5;20200130;17;1
LU-CAPANNORI;PM2.5;20200131;26;1
LU-CAPANNORI;PM2.5;20200201;17;1
LU-CAPANNORI;PM2.5;20200202;16;1
LU-CAPANNORI;PM2.5;20200203;26;1
LU-CAPANNORI;PM2.5;20200204;19;1
LU-CAPANNORI;PM2.5;20200205;5;1
LU-CAPANNORI;PM2.5;20200206;27;1
LU-CAPANNORI;PM2.5;20200207;41;1
LU-CAPANNORI;PM2.5;20200208;46;1
LU-CAPANNORI;PM2.5;20200209;68;1
LU-CAPANNORI;PM2.5;20200210;26;1
LU-CAPANNORI;PM2.5;20200211;13;1
LU-CAPANNORI;PM2.5;20200212;21;1
LU-CAPANNORI;PM2.5;20200213;14;1
LU-CAPANNORI;PM2.5;20200214;17;1
LU-CAPANNORI;PM2.5;20200215;30;1
LU-CAPANNORI;PM2.5;20200216;28;1
LU-CAPANNORI;PM2.5;20200217;20;1
LU-CAPANNORI;PM2.5;20200218;13;1
LU-CAPANNORI;PM2.5;20200219;16;1
LU-CAPANNORI;PM2.5;20200220;26;1
LU-CAPANNORI;PM2.5;20200221;32;1
LU-CAPANNORI;PM2.5;20200222;37;1
LU-CAPANNORI;PM2.5;20200223;22;1
LU-CAPANNORI;PM2.5;20200224;27;1
LU-CAPANNORI;PM2.5;20200225;40;1
LU-CAPANNORI;PM2.5;20200226;8;1
LU-CAPANNORI;PM2.5;20200227;7;1
LU-CAPANNORI;PM2.5;20200228;16;1
LU-CAPANNORI;PM2.5;20200229;44;1
LU-CAPANNORI;PM2.5;20200301;24;1
LU-CAPANNORI;PM2.5;20200302;7;1
LU-CAPANNORI;PM2.5;20200303;10;1
LU-CAPANNORI;PM2.5;20200304;25;1
LU-CAPANNORI;PM2.5;20200305;28;1
LU-CAPANNORI;PM2.5;20200306;10;1
LU-CAPANNORI;PM2.5;20200307;24;1
LU-CAPANNORI;PM2.5;20200308;26;1
LU-CAPANNORI;PM2.5;20200309;37;1
LU-CAPANNORI;PM2.5;20200310;27;1
LU-CAPANNORI;PM2.5;20200311;24;1
LU-CAPANNORI;PM2.5;20200312;35;1
LU-CAPANNORI;PM2.5;20200313;31;1
LU-CAPANNORI;PM2.5;20200314;23;1
LU-CAPANNORI;PM2.5;20200315;15;1
LU-CAPANNORI;PM2.5;20200316;26;1
LU-CAPANNORI;PM2.5;20200317;NaN;0
LU-CAPANNORI;PM2.5;20200318;43;1
LU-CAPANNORI;PM2.5;20200319;30;1
LU-CAPANNORI;PM2.5;20200320;37;1
LU-CAPANNORI;PM2.5;20200321;37;1
LU-CAPANNORI;PM2.5;20200322;27;1
LU-CAPANNORI;PM2.5;20200323;8;1
LU-CAPANNORI;PM2.5;20200324;10;1
LU-CAPANNORI;PM2.5;20200325;10;1
LU-CAPANNORI;PM2.5;20200326;9;1
LU-CAPANNORI;PM2.5;20200327;12;1
LU-CAPANNORI;PM2.5;20200328;33;1
LU-CAPANNORI;PM2.5;20200329;23;1
LU-CAPANNORI;PM2.5;20200330;22;1
LU-CAPANNORI;PM2.5;20200331;6;1
LU-CAPANNORI;PM2.5;20200401;10;1
LU-CAPANNORI;PM2.5;20200402;19;1
LU-CAPANNORI;PM2.5;20200403;29;1
LU-CAPANNORI;PM2.5;20200404;27;1
LU-CAPANNORI;PM2.5;20200405;20;1
LU-CAPANNORI;PM2.5;20200406;24;1
LU-CAPANNORI;PM2.5;20200407;27;1
LU-CAPANNORI;PM2.5;20200408;21;1
LU-CAPANNORI;PM2.5;20200409;23;1
LU-CAPANNORI;PM2.5;20200410;24;1
LU-CAPANNORI;PM2.5;20200411;21;1
LU-CAPANNORI;PM2.5;20200412;15;1
LU-CAPANNORI;PM2.5;20200413;16;1
LU-CAPANNORI;PM2.5;20200414;9;1
LU-CAPANNORI;PM2.5;20200415;11;1
LU-CAPANNORI;PM2.5;20200416;20;1
LU-CAPANNORI;PM2.5;20200417;20;1
LU-CAPANNORI;PM2.5;20200418;24;1
LU-CAPANNORI;PM2.5;20200419;22;1
LU-CAPANNORI;PM2.5;20200420;10;1
LU-CAPANNORI;PM2.5;20200421;8;1
LU-CAPANNORI;PM2.5;20200422;12;1
LU-CAPANNORI;PM2.5;20200423;15;1
LU-CAPANNORI;PM2.5;20200424;17;1
LU-CAPANNORI;PM2.5;20200425;11;1
LU-CAPANNORI;PM2.5;20200426;9;1
LU-CAPANNORI;PM2.5;20200427;9;1
LU-CAPANNORI;PM2.5;20200428;8;1
LU-CAPANNORI;PM2.5;20200429;4;1
LU-CAPANNORI;PM2.5;20200430;5;1
LU-CAPANNORI;PM2.5;20200501;5;1
LU-CAPANNORI;PM2.5;20200502;6;1
LU-CAPANNORI;PM2.5;20200503;7;1
LU-CAPANNORI;PM2.5;20200504;5;1
LU-CAPANNORI;PM2.5;20200505;6;1
LU-CAPANNORI;PM2.5;20200506;8;1
LU-CAPANNORI;PM2.5;20200507;8;1
LU-CAPANNORI;PM2.5;20200508;10;1
LU-CAPANNORI;PM2.5;20200509;8;1
LU-CAPANNORI;PM2.5;20200510;9;1
LU-CAPANNORI;PM2.5;20200511;5;1
LU-CAPANNORI;PM2.5;20200512;3;1
LU-CAPANNORI;PM2.5;20200513;6;1
LU-CAPANNORI;PM2.5;20200514;9;1
LU-CAPANNORI;PM2.5;20200515;4;1
LU-CAPANNORI;PM2.5;20200516;10;1
LU-CAPANNORI;PM2.5;20200517;11;1
LU-CAPANNORI;PM2.5;20200518;12;1
LU-CAPANNORI;PM2.5;20200519;10;1
LU-CAPANNORI;PM2.5;20200520;7;1
LU-CAPANNORI;PM2.5;20200521;8;1
LU-CAPANNORI;PM2.5;20200522;8;1
LU-CAPANNORI;PM2.5;20200523;9;1
LU-CAPANNORI;PM2.5;20200524;9;1
LU-CAPANNORI;PM2.5;20200525;8;1
LU-CAPANNORI;PM2.5;20200526;6;1
LU-CAPANNORI;PM2.5;20200527;5;1
LU-CAPANNORI;PM2.5;20200528;6;1
LU-CAPANNORI;PM2.5;20200529;4;1
LU-CAPANNORI;PM2.5;20200530;8;1
LU-CAPANNORI;PM2.5;20200531;8;1
LU-CAPANNORI;PM2.5;20200601;8;1
LU-CAPANNORI;PM2.5;20200602;9;1
LU-CAPANNORI;PM2.5;20200603;6;1
LU-CAPANNORI;PM2.5;20200604;7;1
LU-CAPANNORI;PM2.5;20200605;6;1
LU-CAPANNORI;PM2.5;20200606;5;1
LU-CAPANNORI;PM2.5;20200607;5;1
LU-CAPANNORI;PM2.5;20200608;6;1
LU-CAPANNORI;PM2.5;20200609;5;1
LU-CAPANNORI;PM2.5;20200610;4;1
LU-CAPANNORI;PM2.5;20200611;NaN;0
LU-CAPANNORI;PM2.5;20200612;5;1
LU-CAPANNORI;PM2.5;20200613;7;1
LU-CAPANNORI;PM2.5;20200614;3;1
LU-CAPANNORI;PM2.5;20200615;6;1
LU-CAPANNORI;PM2.5;20200616;7;1
LU-CAPANNORI;PM2.5;20200617;6;1
LU-CAPANNORI;PM2.5;20200618;5;1
LU-CAPANNORI;PM2.5;20200619;5;1
LU-CAPANNORI;PM2.5;20200620;6;1
LU-CAPANNORI;PM2.5;20200621;7;1
LU-CAPANNORI;PM2.5;20200622;8;1
LU-CAPANNORI;PM2.5;20200623;10;1
LU-CAPANNORI;PM2.5;20200624;10;1
LU-CAPANNORI;PM2.5;20200625;11;1
LU-CAPANNORI;PM2.5;20200626;10;1
LU-CAPANNORI;PM2.5;20200627;10;1
LU-CAPANNORI;PM2.5;20200628;10;1
LU-CAPANNORI;PM2.5;20200629;10;1
LU-CAPANNORI;PM2.5;20200630;8;1
LU-CAPANNORI;PM2.5;20200701;8;1
LU-CAPANNORI;PM2.5;20200702;9;1
LU-CAPANNORI;PM2.5;20200703;9;1
LU-CAPANNORI;PM2.5;20200704;6;1
LU-CAPANNORI;PM2.5;20200705;6;1
LU-CAPANNORI;PM2.5;20200706;8;1
LU-CAPANNORI;PM2.5;20200707;6;1
LU-CAPANNORI;PM2.5;20200708;7;1
LU-CAPANNORI;PM2.5;20200709;8;1
LU-CAPANNORI;PM2.5;20200710;10;1
LU-CAPANNORI;PM2.5;20200711;9;1
LU-CAPANNORI;PM2.5;20200712;7;1
LU-CAPANNORI;PM2.5;20200713;7;1
LU-CAPANNORI;PM2.5;20200714;8;1
LU-CAPANNORI;PM2.5;20200715;11;1
LU-CAPANNORI;PM2.5;20200716;9;1
LU-CAPANNORI;PM2.5;20200717;8;1
LU-CAPANNORI;PM2.5;20200718;6;1
LU-CAPANNORI;PM2.5;20200719;6;1
LU-CAPANNORI;PM2.5;20200720;7;1
LU-CAPANNORI;PM2.5;20200721;7;1
LU-CAPANNORI;PM2.5;20200722;8;1
LU-CAPANNORI;PM2.5;20200723;8;1
LU-CAPANNORI;PM2.5;20200724;8;1
LU-CAPANNORI;PM2.5;20200725;5;1
LU-CAPANNORI;PM2.5;20200726;7;1
LU-CAPANNORI;PM2.5;20200727;8;1
LU-CAPANNORI;PM2.5;20200728;8;1
LU-CAPANNORI;PM2.5;20200729;12;1
LU-CAPANNORI;PM2.5;20200730;13;1
LU-CAPANNORI;PM2.5;20200731;13;1
LU-CAPANNORI;PM2.5;20200801;13;1
LU-CAPANNORI;PM2.5;20200802;12;1
LU-CAPANNORI;PM2.5;20200803;10;1
LU-CAPANNORI;PM2.5;20200804;4;1
LU-CAPANNORI;PM2.5;20200805;2;1
LU-CAPANNORI;PM2.5;20200806;6;1
LU-CAPANNORI;PM2.5;20200807;10;1
LU-CAPANNORI;PM2.5;20200808;13;1
LU-CAPANNORI;PM2.5;20200809;12;1
LU-CAPANNORI;PM2.5;20200810;11;1
LU-CAPANNORI;PM2.5;20200811;13;1
LU-CAPANNORI;PM2.5;20200812;12;1
LU-CAPANNORI;PM2.5;20200813;12;1
LU-CAPANNORI;PM2.5;20200814;10;1
LU-CAPANNORI;PM2.5;20200815;10;1
LU-CAPANNORI;PM2.5;20200816;9;1
LU-CAPANNORI;PM2.5;20200817;8;1
LU-CAPANNORI;PM2.5;20200818;NaN;0
LU-CAPANNORI;PM2.5;20200819;NaN;0
LU-CAPANNORI;PM2.5;20200820;NaN;0
LU-CAPANNORI;PM2.5;20200821;8;1
LU-CAPANNORI;PM2.5;20200822;8;1
LU-CAPANNORI;PM2.5;20200823;7;1
LU-CAPANNORI;PM2.5;20200824;7;1
LU-CAPANNORI;PM2.5;20200825;9;1
LU-CAPANNORI;PM2.5;20200826;8;1
LU-CAPANNORI;PM2.5;20200827;8;1
LU-CAPANNORI;PM2.5;20200828;8;1
LU-CAPANNORI;PM2.5;20200829;8;1
LU-CAPANNORI;PM2.5;20200830;6;1
LU-CAPANNORI;PM2.5;20200831;5;1
LU-CAPANNORI;PM2.5;20200901;6;1
LU-CAPANNORI;PM2.5;20200902;4;1
LU-CAPANNORI;PM2.5;20200903;7;1
LU-CAPANNORI;PM2.5;20200904;8;1
LU-CAPANNORI;PM2.5;20200905;8;1
LU-CAPANNORI;PM2.5;20200906;7;1
LU-CAPANNORI;PM2.5;20200907;8;1
LU-CAPANNORI;PM2.5;20200908;10;1
LU-CAPANNORI;PM2.5;20200909;10;1
LU-CAPANNORI;PM2.5;20200910;14;1
LU-CAPANNORI;PM2.5;20200911;13;1
LU-CAPANNORI;PM2.5;20200912;13;1
LU-CAPANNORI;PM2.5;20200913;15;1
LU-CAPANNORI;PM2.5;20200914;17;1
LU-CAPANNORI;PM2.5;20200915;18;1
LU-CAPANNORI;PM2.5;20200916;17;1
LU-CAPANNORI;PM2.5;20200917;20;1
LU-CAPANNORI;PM2.5;20200918;18;1
LU-CAPANNORI;PM2.5;20200919;15;1
LU-CAPANNORI;PM2.5;20200920;15;1
LU-CAPANNORI;PM2.5;20200921;10;1
LU-CAPANNORI;PM2.5;20200922;7;1
LU-CAPANNORI;PM2.5;20200923;5;1
LU-CAPANNORI;PM2.5;20200924;6;1
LU-CAPANNORI;PM2.5;20200925;5;1
LU-CAPANNORI;PM2.5;20200926;6;1
LU-CAPANNORI;PM2.5;20200927;6;1
LU-CAPANNORI;PM2.5;20200928;7;1
LU-CAPANNORI;PM2.5;20200929;6;1
LU-CAPANNORI;PM2.5;20200930;14;1
LU-CAPANNORI;PM2.5;20201001;14;1
LU-CAPANNORI;PM2.5;20201002;7;1
LU-CAPANNORI;PM2.5;20201003;6;1
LU-CAPANNORI;PM2.5;20201004;3;1
LU-CAPANNORI;PM2.5;20201005;6;1
LU-CAPANNORI;PM2.5;20201006;5;1
LU-CAPANNORI;PM2.5;20201007;6;1
LU-CAPANNORI;PM2.5;20201008;9;1
LU-CAPANNORI;PM2.5;20201009;17;1
LU-CAPANNORI;PM2.5;20201010;18;1
LU-CAPANNORI;PM2.5;20201011;10;1
LU-CAPANNORI;PM2.5;20201012;7;1
LU-CAPANNORI;PM2.5;20201013;9;1
LU-CAPANNORI;PM2.5;20201014;11;1
LU-CAPANNORI;PM2.5;20201015;8;1
LU-CAPANNORI;PM2.5;20201016;14;1
LU-CAPANNORI;PM2.5;20201017;21;1
LU-CAPANNORI;PM2.5;20201018;21;1
LU-CAPANNORI;PM2.5;20201019;23;1
LU-CAPANNORI;PM2.5;20201020;NaN;0
LU-CAPANNORI;PM2.5;20201021;24;1
LU-CAPANNORI;PM2.5;20201022;33;1
LU-CAPANNORI;PM2.5;20201023;39;1
LU-CAPANNORI;PM2.5;20201024;20;1
LU-CAPANNORI;PM2.5;20201025;18;1
LU-CAPANNORI;PM2.5;20201026;14;1
LU-CAPANNORI;PM2.5;20201027;10;1
LU-CAPANNORI;PM2.5;20201028;18;1
LU-CAPANNORI;PM2.5;20201029;25;1
LU-CAPANNORI;PM2.5;20201030;28;1
LU-CAPANNORI;PM2.5;20201031;34;1
LU-CAPANNORI;PM2.5;20201101;31;1
LU-CAPANNORI;PM2.5;20201102;31;1
LU-CAPANNORI;PM2.5;20201103;26;1
LU-CAPANNORI;PM2.5;20201104;19;1
LU-CAPANNORI;PM2.5;20201105;21;1
LU-CAPANNORI;PM2.5;20201106;28;1
LU-CAPANNORI;PM2.5;20201107;39;1
LU-CAPANNORI;PM2.5;20201108;41;1
LU-CAPANNORI;PM2.5;20201109;48;1
LU-CAPANNORI;PM2.5;20201110;52;1
LU-CAPANNORI;PM2.5;20201111;58;1
LU-CAPANNORI;PM2.5;20201112;54;1
LU-CAPANNORI;PM2.5;20201113;32;1
LU-CAPANNORI;PM2.5;20201114;46;1
LU-CAPANNORI;PM2.5;20201115;52;1
LU-CAPANNORI;PM2.5;20201116;40;1
LU-CAPANNORI;PM2.5;20201117;20;1
LU-CAPANNORI;PM2.5;20201118;37;1
LU-CAPANNORI;PM2.5;20201119;38;1
LU-CAPANNORI;PM2.5;20201120;10;1
LU-CAPANNORI;PM2.5;20201121;6;1
LU-CAPANNORI;PM2.5;20201122;48;1
LU-CAPANNORI;PM2.5;20201123;66;1
LU-CAPANNORI;PM2.5;20201124;68;1
LU-CAPANNORI;PM2.5;20201125;58;1
LU-CAPANNORI;PM2.5;20201126;58;1
LU-CAPANNORI;PM2.5;20201127;45;1
LU-CAPANNORI;PM2.5;20201128;38;1
LU-CAPANNORI;PM2.5;20201129;35;1
LU-CAPANNORI;PM2.5;20201130;52;1
LU-CAPANNORI;PM2.5;20201201;38;1
LU-CAPANNORI;PM2.5;20201202;9;1
LU-CAPANNORI;PM2.5;20201203;37;1
LU-CAPANNORI;PM2.5;20201204;24;1
LU-CAPANNORI;PM2.5;20201205;10;1
LU-CAPANNORI;PM2.5;20201206;19;1
LU-CAPANNORI;PM2.5;20201207;18;1
LU-CAPANNORI;PM2.5;20201208;18;1
LU-CAPANNORI;PM2.5;20201209;14;1
LU-CAPANNORI;PM2.5;20201210;24;1
LU-CAPANNORI;PM2.5;20201211;30;1
LU-CAPANNORI;PM2.5;20201212;55;1
LU-CAPANNORI;PM2.5;20201213;70;1
LU-CAPANNORI;PM2.5;20201214;65;1
LU-CAPANNORI;PM2.5;20201215;77;1
LU-CAPANNORI;PM2.5;20201216;51;1
LU-CAPANNORI;PM2.5;20201217;56;1
LU-CAPANNORI;PM2.5;20201218;62;1
LU-CAPANNORI;PM2.5;20201219;56;1
LU-CAPANNORI;PM2.5;20201220;75;1
LU-CAPANNORI;PM2.5;20201221;68;1
LU-CAPANNORI;PM2.5;20201222;76;1
LU-CAPANNORI;PM2.5;20201223;17;1
LU-CAPANNORI;PM2.5;20201224;12;1
LU-CAPANNORI;PM2.5;20201225;12;1
LU-CAPANNORI;PM2.5;20201226;9;1
LU-CAPANNORI;PM2.5;20201227;32;1
LU-CAPANNORI;PM2.5;20201228;25;1
LU-CAPANNORI;PM2.5;20201229;14;1
LU-CAPANNORI;PM2.5;20201230;40;1
LU-CAPANNORI;PM2.5;20201231;41;1
