STAZIONE;PARAMETRO;DATA (formato AAAAMMGG);MEDIA GIORNALIERA IN �g/m� A TEMP. AMBIENTE (NaN=non valida o non disponibile);VALIDITA' (1=valido, 0=invalido)
LU-CAPANNORI;PM10;20200101;140;1
LU-CAPANNORI;PM10;20200102;114;1
LU-CAPANNORI;PM10;20200103;116;1
LU-CAPANNORI;PM10;20200104;83;1
LU-CAPANNORI;PM10;20200105;68;1
LU-CAPANNORI;PM10;20200106;79;1
LU-CAPANNORI;PM10;20200107;112;1
LU-CAPANNORI;PM10;20200108;99;1
LU-CAPANNORI;PM10;20200109;103;1
LU-CAPANNORI;PM10;20200110;100;1
LU-CAPANNORI;PM10;20200111;64;1
LU-CAPANNORI;PM10;20200112;49;1
LU-CAPANNORI;PM10;20200113;72;1
LU-CAPANNORI;PM10;20200114;92;1
LU-CAPANNORI;PM10;20200115;69;1
LU-CAPANNORI;PM10;20200116;63;1
LU-CAPANNORI;PM10;20200117;68;1
LU-CAPANNORI;PM10;20200118;45;1
LU-CAPANNORI;PM10;20200119;20;1
LU-CAPANNORI;PM10;20200120;12;1
LU-CAPANNORI;PM10;20200121;52;1
LU-CAPANNORI;PM10;20200122;73;1
LU-CAPANNORI;PM10;20200123;85;1
LU-CAPANNORI;PM10;20200124;89;1
LU-CAPANNORI;PM10;20200125;35;1
LU-CAPANNORI;PM10;20200126;54;1
LU-CAPANNORI;PM10;20200127;52;1
LU-CAPANNORI;PM10;20200128;21;1
LU-CAPANNORI;PM10;20200129;35;1
LU-CAPANNORI;PM10;20200130;28;1
LU-CAPANNORI;PM10;20200131;29;1
LU-CAPANNORI;PM10;20200201;22;1
LU-CAPANNORI;PM10;20200202;23;1
LU-CAPANNORI;PM10;20200203;39;1
LU-CAPANNORI;PM10;20200204;26;1
LU-CAPANNORI;PM10;20200205;8;1
LU-CAPANNORI;PM10;20200206;37;1
LU-CAPANNORI;PM10;20200207;53;1
LU-CAPANNORI;PM10;20200208;60;1
LU-CAPANNORI;PM10;20200209;78;1
LU-CAPANNORI;PM10;20200210;40;1
LU-CAPANNORI;PM10;20200211;39;1
LU-CAPANNORI;PM10;20200212;36;1
LU-CAPANNORI;PM10;20200213;26;1
LU-CAPANNORI;PM10;20200214;28;1
LU-CAPANNORI;PM10;20200215;38;1
LU-CAPANNORI;PM10;20200216;38;1
LU-CAPANNORI;PM10;20200217;31;1
LU-CAPANNORI;PM10;20200218;22;1
LU-CAPANNORI;PM10;20200219;23;1
LU-CAPANNORI;PM10;20200220;32;1
LU-CAPANNORI;PM10;20200221;44;1
LU-CAPANNORI;PM10;20200222;47;1
LU-CAPANNORI;PM10;20200223;30;1
LU-CAPANNORI;PM10;20200224;42;1
LU-CAPANNORI;PM10;20200225;52;1
LU-CAPANNORI;PM10;20200226;19;1
LU-CAPANNORI;PM10;20200227;14;1
LU-CAPANNORI;PM10;20200228;20;1
LU-CAPANNORI;PM10;20200229;54;1
LU-CAPANNORI;PM10;20200301;36;1
LU-CAPANNORI;PM10;20200302;18;1
LU-CAPANNORI;PM10;20200303;16;1
LU-CAPANNORI;PM10;20200304;35;1
LU-CAPANNORI;PM10;20200305;36;1
LU-CAPANNORI;PM10;20200306;18;1
LU-CAPANNORI;PM10;20200307;31;1
LU-CAPANNORI;PM10;20200308;30;1
LU-CAPANNORI;PM10;20200309;42;1
LU-CAPANNORI;PM10;20200310;34;1
LU-CAPANNORI;PM10;20200311;31;1
LU-CAPANNORI;PM10;20200312;42;1
LU-CAPANNORI;PM10;20200313;40;1
LU-CAPANNORI;PM10;20200314;29;1
LU-CAPANNORI;PM10;20200315;18;1
LU-CAPANNORI;PM10;20200316;31;1
LU-CAPANNORI;PM10;20200317;NaN;0
LU-CAPANNORI;PM10;20200318;50;1
LU-CAPANNORI;PM10;20200319;36;1
LU-CAPANNORI;PM10;20200320;43;1
LU-CAPANNORI;PM10;20200321;43;1
LU-CAPANNORI;PM10;20200322;31;1
LU-CAPANNORI;PM10;20200323;12;1
LU-CAPANNORI;PM10;20200324;14;1
LU-CAPANNORI;PM10;20200325;14;1
LU-CAPANNORI;PM10;20200326;11;1
LU-CAPANNORI;PM10;20200327;16;1
LU-CAPANNORI;PM10;20200328;89;1
LU-CAPANNORI;PM10;20200329;60;1
LU-CAPANNORI;PM10;20200330;38;1
LU-CAPANNORI;PM10;20200331;9;1
LU-CAPANNORI;PM10;20200401;14;1
LU-CAPANNORI;PM10;20200402;24;1
LU-CAPANNORI;PM10;20200403;36;1
LU-CAPANNORI;PM10;20200404;33;1
LU-CAPANNORI;PM10;20200405;24;1
LU-CAPANNORI;PM10;20200406;33;1
LU-CAPANNORI;PM10;20200407;34;1
LU-CAPANNORI;PM10;20200408;29;1
LU-CAPANNORI;PM10;20200409;33;1
LU-CAPANNORI;PM10;20200410;30;1
LU-CAPANNORI;PM10;20200411;26;1
LU-CAPANNORI;PM10;20200412;18;1
LU-CAPANNORI;PM10;20200413;19;1
LU-CAPANNORI;PM10;20200414;12;1
LU-CAPANNORI;PM10;20200415;16;1
LU-CAPANNORI;PM10;20200416;25;1
LU-CAPANNORI;PM10;20200417;28;1
LU-CAPANNORI;PM10;20200418;34;1
LU-CAPANNORI;PM10;20200419;31;1
LU-CAPANNORI;PM10;20200420;15;1
LU-CAPANNORI;PM10;20200421;12;1
LU-CAPANNORI;PM10;20200422;17;1
LU-CAPANNORI;PM10;20200423;19;1
LU-CAPANNORI;PM10;20200424;23;1
LU-CAPANNORI;PM10;20200425;15;1
LU-CAPANNORI;PM10;20200426;13;1
LU-CAPANNORI;PM10;20200427;14;1
LU-CAPANNORI;PM10;20200428;13;1
LU-CAPANNORI;PM10;20200429;16;1
LU-CAPANNORI;PM10;20200430;14;1
LU-CAPANNORI;PM10;20200501;15;1
LU-CAPANNORI;PM10;20200502;17;1
LU-CAPANNORI;PM10;20200503;14;1
LU-CAPANNORI;PM10;20200504;9;1
LU-CAPANNORI;PM10;20200505;13;1
LU-CAPANNORI;PM10;20200506;12;1
LU-CAPANNORI;PM10;20200507;13;1
LU-CAPANNORI;PM10;20200508;16;1
LU-CAPANNORI;PM10;20200509;14;1
LU-CAPANNORI;PM10;20200510;16;1
LU-CAPANNORI;PM10;20200511;11;1
LU-CAPANNORI;PM10;20200512;9;1
LU-CAPANNORI;PM10;20200513;18;1
LU-CAPANNORI;PM10;20200514;31;1
LU-CAPANNORI;PM10;20200515;11;1
LU-CAPANNORI;PM10;20200516;20;1
LU-CAPANNORI;PM10;20200517;19;1
LU-CAPANNORI;PM10;20200518;26;1
LU-CAPANNORI;PM10;20200519;22;1
LU-CAPANNORI;PM10;20200520;12;1
LU-CAPANNORI;PM10;20200521;13;1
LU-CAPANNORI;PM10;20200522;13;1
LU-CAPANNORI;PM10;20200523;14;1
LU-CAPANNORI;PM10;20200524;14;1
LU-CAPANNORI;PM10;20200525;13;1
LU-CAPANNORI;PM10;20200526;12;1
LU-CAPANNORI;PM10;20200527;9;1
LU-CAPANNORI;PM10;20200528;10;1
LU-CAPANNORI;PM10;20200529;8;1
LU-CAPANNORI;PM10;20200530;13;1
LU-CAPANNORI;PM10;20200531;12;1
LU-CAPANNORI;PM10;20200601;13;1
LU-CAPANNORI;PM10;20200602;13;1
LU-CAPANNORI;PM10;20200603;10;1
LU-CAPANNORI;PM10;20200604;14;1
LU-CAPANNORI;PM10;20200605;15;1
LU-CAPANNORI;PM10;20200606;14;1
LU-CAPANNORI;PM10;20200607;13;1
LU-CAPANNORI;PM10;20200608;13;1
LU-CAPANNORI;PM10;20200609;13;1
LU-CAPANNORI;PM10;20200610;7;1
LU-CAPANNORI;PM10;20200611;NaN;0
LU-CAPANNORI;PM10;20200612;11;1
LU-CAPANNORI;PM10;20200613;14;1
LU-CAPANNORI;PM10;20200614;7;1
LU-CAPANNORI;PM10;20200615;15;1
LU-CAPANNORI;PM10;20200616;17;1
LU-CAPANNORI;PM10;20200617;15;1
LU-CAPANNORI;PM10;20200618;14;1
LU-CAPANNORI;PM10;20200619;10;1
LU-CAPANNORI;PM10;20200620;13;1
LU-CAPANNORI;PM10;20200621;14;1
LU-CAPANNORI;PM10;20200622;13;1
LU-CAPANNORI;PM10;20200623;14;1
LU-CAPANNORI;PM10;20200624;16;1
LU-CAPANNORI;PM10;20200625;16;1
LU-CAPANNORI;PM10;20200626;15;1
LU-CAPANNORI;PM10;20200627;15;1
LU-CAPANNORI;PM10;20200628;17;1
LU-CAPANNORI;PM10;20200629;16;1
LU-CAPANNORI;PM10;20200630;16;1
LU-CAPANNORI;PM10;20200701;14;1
LU-CAPANNORI;PM10;20200702;16;1
LU-CAPANNORI;PM10;20200703;16;1
LU-CAPANNORI;PM10;20200704;10;1
LU-CAPANNORI;PM10;20200705;10;1
LU-CAPANNORI;PM10;20200706;14;1
LU-CAPANNORI;PM10;20200707;13;1
LU-CAPANNORI;PM10;20200708;13;1
LU-CAPANNORI;PM10;20200709;15;1
LU-CAPANNORI;PM10;20200710;17;1
LU-CAPANNORI;PM10;20200711;17;1
LU-CAPANNORI;PM10;20200712;12;1
LU-CAPANNORI;PM10;20200713;11;1
LU-CAPANNORI;PM10;20200714;14;1
LU-CAPANNORI;PM10;20200715;18;1
LU-CAPANNORI;PM10;20200716;18;1
LU-CAPANNORI;PM10;20200717;15;1
LU-CAPANNORI;PM10;20200718;10;1
LU-CAPANNORI;PM10;20200719;9;1
LU-CAPANNORI;PM10;20200720;11;1
LU-CAPANNORI;PM10;20200721;12;1
LU-CAPANNORI;PM10;20200722;14;1
LU-CAPANNORI;PM10;20200723;15;1
LU-CAPANNORI;PM10;20200724;16;1
LU-CAPANNORI;PM10;20200725;10;1
LU-CAPANNORI;PM10;20200726;12;1
LU-CAPANNORI;PM10;20200727;16;1
LU-CAPANNORI;PM10;20200728;16;1
LU-CAPANNORI;PM10;20200729;19;1
LU-CAPANNORI;PM10;20200730;21;1
LU-CAPANNORI;PM10;20200731;22;1
LU-CAPANNORI;PM10;20200801;19;1
LU-CAPANNORI;PM10;20200802;18;1
LU-CAPANNORI;PM10;20200803;25;1
LU-CAPANNORI;PM10;20200804;11;1
LU-CAPANNORI;PM10;20200805;7;1
LU-CAPANNORI;PM10;20200806;9;1
LU-CAPANNORI;PM10;20200807;17;1
LU-CAPANNORI;PM10;20200808;20;1
LU-CAPANNORI;PM10;20200809;19;1
LU-CAPANNORI;PM10;20200810;18;1
LU-CAPANNORI;PM10;20200811;19;1
LU-CAPANNORI;PM10;20200812;19;1
LU-CAPANNORI;PM10;20200813;19;1
LU-CAPANNORI;PM10;20200814;18;1
LU-CAPANNORI;PM10;20200815;18;1
LU-CAPANNORI;PM10;20200816;15;1
LU-CAPANNORI;PM10;20200817;14;1
LU-CAPANNORI;PM10;20200818;NaN;0
LU-CAPANNORI;PM10;20200819;NaN;0
LU-CAPANNORI;PM10;20200820;NaN;0
LU-CAPANNORI;PM10;20200821;14;1
LU-CAPANNORI;PM10;20200822;13;1
LU-CAPANNORI;PM10;20200823;13;1
LU-CAPANNORI;PM10;20200824;13;1
LU-CAPANNORI;PM10;20200825;14;1
LU-CAPANNORI;PM10;20200826;15;1
LU-CAPANNORI;PM10;20200827;18;1
LU-CAPANNORI;PM10;20200828;18;1
LU-CAPANNORI;PM10;20200829;19;1
LU-CAPANNORI;PM10;20200830;14;1
LU-CAPANNORI;PM10;20200831;13;1
LU-CAPANNORI;PM10;20200901;12;1
LU-CAPANNORI;PM10;20200902;9;1
LU-CAPANNORI;PM10;20200903;12;1
LU-CAPANNORI;PM10;20200904;17;1
LU-CAPANNORI;PM10;20200905;15;1
LU-CAPANNORI;PM10;20200906;12;1
LU-CAPANNORI;PM10;20200907;16;1
LU-CAPANNORI;PM10;20200908;17;1
LU-CAPANNORI;PM10;20200909;18;1
LU-CAPANNORI;PM10;20200910;28;1
LU-CAPANNORI;PM10;20200911;24;1
LU-CAPANNORI;PM10;20200912;21;1
LU-CAPANNORI;PM10;20200913;23;1
LU-CAPANNORI;PM10;20200914;28;1
LU-CAPANNORI;PM10;20200915;29;1
LU-CAPANNORI;PM10;20200916;27;1
LU-CAPANNORI;PM10;20200917;30;1
LU-CAPANNORI;PM10;20200918;28;1
LU-CAPANNORI;PM10;20200919;26;1
LU-CAPANNORI;PM10;20200920;24;1
LU-CAPANNORI;PM10;20200921;16;1
LU-CAPANNORI;PM10;20200922;12;1
LU-CAPANNORI;PM10;20200923;11;1
LU-CAPANNORI;PM10;20200924;12;1
LU-CAPANNORI;PM10;20200925;14;1
LU-CAPANNORI;PM10;20200926;13;1
LU-CAPANNORI;PM10;20200927;10;1
LU-CAPANNORI;PM10;20200928;12;1
LU-CAPANNORI;PM10;20200929;13;1
LU-CAPANNORI;PM10;20200930;23;1
LU-CAPANNORI;PM10;20201001;22;1
LU-CAPANNORI;PM10;20201002;16;1
LU-CAPANNORI;PM10;20201003;12;1
LU-CAPANNORI;PM10;20201004;7;1
LU-CAPANNORI;PM10;20201005;13;1
LU-CAPANNORI;PM10;20201006;13;1
LU-CAPANNORI;PM10;20201007;15;1
LU-CAPANNORI;PM10;20201008;19;1
LU-CAPANNORI;PM10;20201009;22;1
LU-CAPANNORI;PM10;20201010;28;1
LU-CAPANNORI;PM10;20201011;16;1
LU-CAPANNORI;PM10;20201012;12;1
LU-CAPANNORI;PM10;20201013;16;1
LU-CAPANNORI;PM10;20201014;14;1
LU-CAPANNORI;PM10;20201015;11;1
LU-CAPANNORI;PM10;20201016;19;1
LU-CAPANNORI;PM10;20201017;27;1
LU-CAPANNORI;PM10;20201018;27;1
LU-CAPANNORI;PM10;20201019;32;1
LU-CAPANNORI;PM10;20201020;NaN;0
LU-CAPANNORI;PM10;20201021;33;1
LU-CAPANNORI;PM10;20201022;46;1
LU-CAPANNORI;PM10;20201023;50;1
LU-CAPANNORI;PM10;20201024;29;1
LU-CAPANNORI;PM10;20201025;24;1
LU-CAPANNORI;PM10;20201026;21;1
LU-CAPANNORI;PM10;20201027;17;1
LU-CAPANNORI;PM10;20201028;27;1
LU-CAPANNORI;PM10;20201029;36;1
LU-CAPANNORI;PM10;20201030;42;1
LU-CAPANNORI;PM10;20201031;46;1
LU-CAPANNORI;PM10;20201101;40;1
LU-CAPANNORI;PM10;20201102;43;1
LU-CAPANNORI;PM10;20201103;34;1
LU-CAPANNORI;PM10;20201104;30;1
LU-CAPANNORI;PM10;20201105;31;1
LU-CAPANNORI;PM10;20201106;39;1
LU-CAPANNORI;PM10;20201107;48;1
LU-CAPANNORI;PM10;20201108;48;1
LU-CAPANNORI;PM10;20201109;59;1
LU-CAPANNORI;PM10;20201110;65;1
LU-CAPANNORI;PM10;20201111;74;1
LU-CAPANNORI;PM10;20201112;68;1
LU-CAPANNORI;PM10;20201113;41;1
LU-CAPANNORI;PM10;20201114;55;1
LU-CAPANNORI;PM10;20201115;58;1
LU-CAPANNORI;PM10;20201116;48;1
LU-CAPANNORI;PM10;20201117;26;1
LU-CAPANNORI;PM10;20201118;47;1
LU-CAPANNORI;PM10;20201119;50;1
LU-CAPANNORI;PM10;20201120;14;1
LU-CAPANNORI;PM10;20201121;11;1
LU-CAPANNORI;PM10;20201122;53;1
LU-CAPANNORI;PM10;20201123;77;1
LU-CAPANNORI;PM10;20201124;80;1
LU-CAPANNORI;PM10;20201125;69;1
LU-CAPANNORI;PM10;20201126;70;1
LU-CAPANNORI;PM10;20201127;54;1
LU-CAPANNORI;PM10;20201128;44;1
LU-CAPANNORI;PM10;20201129;40;1
LU-CAPANNORI;PM10;20201130;63;1
LU-CAPANNORI;PM10;20201201;45;1
LU-CAPANNORI;PM10;20201202;12;1
LU-CAPANNORI;PM10;20201203;45;1
LU-CAPANNORI;PM10;20201204;29;1
LU-CAPANNORI;PM10;20201205;18;1
LU-CAPANNORI;PM10;20201206;22;1
LU-CAPANNORI;PM10;20201207;24;1
LU-CAPANNORI;PM10;20201208;20;1
LU-CAPANNORI;PM10;20201209;17;1
LU-CAPANNORI;PM10;20201210;30;1
LU-CAPANNORI;PM10;20201211;38;1
LU-CAPANNORI;PM10;20201212;60;1
LU-CAPANNORI;PM10;20201213;78;1
LU-CAPANNORI;PM10;20201214;75;1
LU-CAPANNORI;PM10;20201215;94;1
LU-CAPANNORI;PM10;20201216;56;1
LU-CAPANNORI;PM10;20201217;62;1
LU-CAPANNORI;PM10;20201218;75;1
LU-CAPANNORI;PM10;20201219;63;1
LU-CAPANNORI;PM10;20201220;84;1
LU-CAPANNORI;PM10;20201221;82;1
LU-CAPANNORI;PM10;20201222;85;1
LU-CAPANNORI;PM10;20201223;20;1
LU-CAPANNORI;PM10;20201224;19;1
LU-CAPANNORI;PM10;20201225;22;1
LU-CAPANNORI;PM10;20201226;9;1
LU-CAPANNORI;PM10;20201227;38;1
LU-CAPANNORI;PM10;20201228;31;1
LU-CAPANNORI;PM10;20201229;19;1
LU-CAPANNORI;PM10;20201230;44;1
LU-CAPANNORI;PM10;20201231;44;1
