STAZIONE;PARAMETRO;DATA (formato AAAAMMGG);MEDIA GIORNALIERA IN �g/m� A TEMP. AMBIENTE (NaN=non valida o non disponibile);VALIDITA' (1=valido, 0=invalido)
LU-FORNOLI;PM10;20200101;54;1
LU-FORNOLI;PM10;20200102;46;1
LU-FORNOLI;PM10;20200103;65;1
LU-FORNOLI;PM10;20200104;55;1
LU-FORNOLI;PM10;20200105;41;1
LU-FORNOLI;PM10;20200106;37;1
LU-FORNOLI;PM10;20200107;52;1
LU-FORNOLI;PM10;20200108;52;1
LU-FORNOLI;PM10;20200109;47;1
LU-FORNOLI;PM10;20200110;68;1
LU-FORNOLI;PM10;20200111;40;1
LU-FORNOLI;PM10;20200112;39;1
LU-FORNOLI;PM10;20200113;40;1
LU-FORNOLI;PM10;20200114;64;1
LU-FORNOLI;PM10;20200115;83;1
LU-FORNOLI;PM10;20200116;28;1
LU-FORNOLI;PM10;20200117;42;1
LU-FORNOLI;PM10;20200118;35;1
LU-FORNOLI;PM10;20200119;25;1
LU-FORNOLI;PM10;20200120;25;1
LU-FORNOLI;PM10;20200121;34;1
LU-FORNOLI;PM10;20200122;38;1
LU-FORNOLI;PM10;20200123;38;1
LU-FORNOLI;PM10;20200124;51;1
LU-FORNOLI;PM10;20200125;48;1
LU-FORNOLI;PM10;20200126;32;1
LU-FORNOLI;PM10;20200127;35;1
LU-FORNOLI;PM10;20200128;20;1
LU-FORNOLI;PM10;20200129;29;1
LU-FORNOLI;PM10;20200130;41;1
LU-FORNOLI;PM10;20200131;49;1
LU-FORNOLI;PM10;20200201;26;1
LU-FORNOLI;PM10;20200202;34;1
LU-FORNOLI;PM10;20200203;34;1
LU-FORNOLI;PM10;20200204;20;1
LU-FORNOLI;PM10;20200205;16;1
LU-FORNOLI;PM10;20200206;24;1
LU-FORNOLI;PM10;20200207;31;1
LU-FORNOLI;PM10;20200208;34;1
LU-FORNOLI;PM10;20200209;NaN;0
LU-FORNOLI;PM10;20200210;NaN;0
LU-FORNOLI;PM10;20200211;38;1
LU-FORNOLI;PM10;20200212;25;1
LU-FORNOLI;PM10;20200213;20;1
LU-FORNOLI;PM10;20200214;28;1
LU-FORNOLI;PM10;20200215;25;1
LU-FORNOLI;PM10;20200216;27;1
LU-FORNOLI;PM10;20200217;32;1
LU-FORNOLI;PM10;20200218;24;1
LU-FORNOLI;PM10;20200219;20;1
LU-FORNOLI;PM10;20200220;21;1
LU-FORNOLI;PM10;20200221;30;1
LU-FORNOLI;PM10;20200222;29;1
LU-FORNOLI;PM10;20200223;32;1
LU-FORNOLI;PM10;20200224;29;1
LU-FORNOLI;PM10;20200225;27;1
LU-FORNOLI;PM10;20200226;21;1
LU-FORNOLI;PM10;20200227;13;1
LU-FORNOLI;PM10;20200228;15;1
LU-FORNOLI;PM10;20200229;34;1
LU-FORNOLI;PM10;20200301;24;1
LU-FORNOLI;PM10;20200302;15;1
LU-FORNOLI;PM10;20200303;10;1
LU-FORNOLI;PM10;20200304;17;1
LU-FORNOLI;PM10;20200305;19;1
LU-FORNOLI;PM10;20200306;18;1
LU-FORNOLI;PM10;20200307;18;1
LU-FORNOLI;PM10;20200308;18;1
LU-FORNOLI;PM10;20200309;32;1
LU-FORNOLI;PM10;20200310;22;1
LU-FORNOLI;PM10;20200311;22;1
LU-FORNOLI;PM10;20200312;26;1
LU-FORNOLI;PM10;20200313;33;1
LU-FORNOLI;PM10;20200314;19;1
LU-FORNOLI;PM10;20200315;15;1
LU-FORNOLI;PM10;20200316;19;1
LU-FORNOLI;PM10;20200317;29;1
LU-FORNOLI;PM10;20200318;27;1
LU-FORNOLI;PM10;20200319;21;1
LU-FORNOLI;PM10;20200320;25;1
LU-FORNOLI;PM10;20200321;22;1
LU-FORNOLI;PM10;20200322;24;1
LU-FORNOLI;PM10;20200323;13;1
LU-FORNOLI;PM10;20200324;13;1
LU-FORNOLI;PM10;20200325;12;1
LU-FORNOLI;PM10;20200326;NaN;0
LU-FORNOLI;PM10;20200327;11;1
LU-FORNOLI;PM10;20200328;98;1
LU-FORNOLI;PM10;20200329;60;1
LU-FORNOLI;PM10;20200330;31;1
LU-FORNOLI;PM10;20200331;13;1
LU-FORNOLI;PM10;20200401;15;1
LU-FORNOLI;PM10;20200402;19;1
LU-FORNOLI;PM10;20200403;22;1
LU-FORNOLI;PM10;20200404;19;1
LU-FORNOLI;PM10;20200405;23;1
LU-FORNOLI;PM10;20200406;32;1
LU-FORNOLI;PM10;20200407;30;1
LU-FORNOLI;PM10;20200408;21;1
LU-FORNOLI;PM10;20200409;25;1
LU-FORNOLI;PM10;20200410;24;1
LU-FORNOLI;PM10;20200411;20;1
LU-FORNOLI;PM10;20200412;13;1
LU-FORNOLI;PM10;20200413;14;1
LU-FORNOLI;PM10;20200414;15;1
LU-FORNOLI;PM10;20200415;15;1
LU-FORNOLI;PM10;20200416;16;1
LU-FORNOLI;PM10;20200417;20;1
LU-FORNOLI;PM10;20200418;26;1
LU-FORNOLI;PM10;20200419;25;1
LU-FORNOLI;PM10;20200420;18;1
LU-FORNOLI;PM10;20200421;11;1
LU-FORNOLI;PM10;20200422;18;1
LU-FORNOLI;PM10;20200423;21;1
LU-FORNOLI;PM10;20200424;20;1
LU-FORNOLI;PM10;20200425;13;1
LU-FORNOLI;PM10;20200426;10;1
LU-FORNOLI;PM10;20200427;12;1
LU-FORNOLI;PM10;20200428;14;1
LU-FORNOLI;PM10;20200429;16;1
LU-FORNOLI;PM10;20200430;16;1
LU-FORNOLI;PM10;20200501;14;1
LU-FORNOLI;PM10;20200502;16;1
LU-FORNOLI;PM10;20200503;16;1
LU-FORNOLI;PM10;20200504;11;1
LU-FORNOLI;PM10;20200505;14;1
LU-FORNOLI;PM10;20200506;16;1
LU-FORNOLI;PM10;20200507;13;1
LU-FORNOLI;PM10;20200508;13;1
LU-FORNOLI;PM10;20200509;11;1
LU-FORNOLI;PM10;20200510;12;1
LU-FORNOLI;PM10;20200511;9;1
LU-FORNOLI;PM10;20200512;9;1
LU-FORNOLI;PM10;20200513;16;1
LU-FORNOLI;PM10;20200514;31;1
LU-FORNOLI;PM10;20200515;13;1
LU-FORNOLI;PM10;20200516;15;1
LU-FORNOLI;PM10;20200517;24;1
LU-FORNOLI;PM10;20200518;30;1
LU-FORNOLI;PM10;20200519;19;1
LU-FORNOLI;PM10;20200520;14;1
LU-FORNOLI;PM10;20200521;15;1
LU-FORNOLI;PM10;20200522;18;1
LU-FORNOLI;PM10;20200523;16;1
LU-FORNOLI;PM10;20200524;15;1
LU-FORNOLI;PM10;20200525;10;1
LU-FORNOLI;PM10;20200526;11;1
LU-FORNOLI;PM10;20200527;10;1
LU-FORNOLI;PM10;20200528;9;1
LU-FORNOLI;PM10;20200529;5;1
LU-FORNOLI;PM10;20200530;8;1
LU-FORNOLI;PM10;20200531;9;1
LU-FORNOLI;PM10;20200601;10;1
LU-FORNOLI;PM10;20200602;8;1
LU-FORNOLI;PM10;20200603;9;1
LU-FORNOLI;PM10;20200604;5;1
LU-FORNOLI;PM10;20200605;13;1
LU-FORNOLI;PM10;20200606;12;1
LU-FORNOLI;PM10;20200607;12;1
LU-FORNOLI;PM10;20200608;11;1
LU-FORNOLI;PM10;20200609;15;1
LU-FORNOLI;PM10;20200610;8;1
LU-FORNOLI;PM10;20200611;12;1
LU-FORNOLI;PM10;20200612;13;1
LU-FORNOLI;PM10;20200613;14;1
LU-FORNOLI;PM10;20200614;10;1
LU-FORNOLI;PM10;20200615;18;1
LU-FORNOLI;PM10;20200616;14;1
LU-FORNOLI;PM10;20200617;17;1
LU-FORNOLI;PM10;20200618;15;1
LU-FORNOLI;PM10;20200619;10;1
LU-FORNOLI;PM10;20200620;14;1
LU-FORNOLI;PM10;20200621;12;1
LU-FORNOLI;PM10;20200622;12;1
LU-FORNOLI;PM10;20200623;14;1
LU-FORNOLI;PM10;20200624;NaN;0
LU-FORNOLI;PM10;20200625;16;1
LU-FORNOLI;PM10;20200626;13;1
LU-FORNOLI;PM10;20200627;13;1
LU-FORNOLI;PM10;20200628;14;1
LU-FORNOLI;PM10;20200629;14;1
LU-FORNOLI;PM10;20200630;12;1
LU-FORNOLI;PM10;20200701;11;1
LU-FORNOLI;PM10;20200702;14;1
LU-FORNOLI;PM10;20200703;15;1
LU-FORNOLI;PM10;20200704;10;1
LU-FORNOLI;PM10;20200705;10;1
LU-FORNOLI;PM10;20200706;15;1
LU-FORNOLI;PM10;20200707;12;1
LU-FORNOLI;PM10;20200708;11;1
LU-FORNOLI;PM10;20200709;15;1
LU-FORNOLI;PM10;20200710;16;1
LU-FORNOLI;PM10;20200711;15;1
LU-FORNOLI;PM10;20200712;11;1
LU-FORNOLI;PM10;20200713;9;1
LU-FORNOLI;PM10;20200714;12;1
LU-FORNOLI;PM10;20200715;14;1
LU-FORNOLI;PM10;20200716;17;1
LU-FORNOLI;PM10;20200717;15;1
LU-FORNOLI;PM10;20200718;10;1
LU-FORNOLI;PM10;20200719;9;1
LU-FORNOLI;PM10;20200720;14;1
LU-FORNOLI;PM10;20200721;14;1
LU-FORNOLI;PM10;20200722;13;1
LU-FORNOLI;PM10;20200723;14;1
LU-FORNOLI;PM10;20200724;10;1
LU-FORNOLI;PM10;20200725;9;1
LU-FORNOLI;PM10;20200726;14;1
LU-FORNOLI;PM10;20200727;16;1
LU-FORNOLI;PM10;20200728;15;1
LU-FORNOLI;PM10;20200729;18;1
LU-FORNOLI;PM10;20200730;20;1
LU-FORNOLI;PM10;20200731;21;1
LU-FORNOLI;PM10;20200801;20;1
LU-FORNOLI;PM10;20200802;19;1
LU-FORNOLI;PM10;20200803;16;1
LU-FORNOLI;PM10;20200804;9;1
LU-FORNOLI;PM10;20200805;12;1
LU-FORNOLI;PM10;20200806;12;1
LU-FORNOLI;PM10;20200807;17;1
LU-FORNOLI;PM10;20200808;18;1
LU-FORNOLI;PM10;20200809;16;1
LU-FORNOLI;PM10;20200810;15;1
LU-FORNOLI;PM10;20200811;18;1
LU-FORNOLI;PM10;20200812;16;1
LU-FORNOLI;PM10;20200813;15;1
LU-FORNOLI;PM10;20200814;16;1
LU-FORNOLI;PM10;20200815;15;1
LU-FORNOLI;PM10;20200816;10;1
LU-FORNOLI;PM10;20200817;9;1
LU-FORNOLI;PM10;20200818;14;1
LU-FORNOLI;PM10;20200819;NaN;0
LU-FORNOLI;PM10;20200820;NaN;0
LU-FORNOLI;PM10;20200821;NaN;0
LU-FORNOLI;PM10;20200822;10;1
LU-FORNOLI;PM10;20200823;8;1
LU-FORNOLI;PM10;20200824;9;1
LU-FORNOLI;PM10;20200825;14;1
LU-FORNOLI;PM10;20200826;15;1
LU-FORNOLI;PM10;20200827;13;1
LU-FORNOLI;PM10;20200828;12;1
LU-FORNOLI;PM10;20200829;15;1
LU-FORNOLI;PM10;20200830;13;1
LU-FORNOLI;PM10;20200831;14;1
LU-FORNOLI;PM10;20200901;12;1
LU-FORNOLI;PM10;20200902;18;1
LU-FORNOLI;PM10;20200903;17;1
LU-FORNOLI;PM10;20200904;14;1
LU-FORNOLI;PM10;20200905;14;1
LU-FORNOLI;PM10;20200906;12;1
LU-FORNOLI;PM10;20200907;12;1
LU-FORNOLI;PM10;20200908;17;1
LU-FORNOLI;PM10;20200909;18;1
LU-FORNOLI;PM10;20200910;21;1
LU-FORNOLI;PM10;20200911;20;1
LU-FORNOLI;PM10;20200912;18;1
LU-FORNOLI;PM10;20200913;21;1
LU-FORNOLI;PM10;20200914;28;1
LU-FORNOLI;PM10;20200915;25;1
LU-FORNOLI;PM10;20200916;24;1
LU-FORNOLI;PM10;20200917;23;1
LU-FORNOLI;PM10;20200918;20;1
LU-FORNOLI;PM10;20200919;21;1
LU-FORNOLI;PM10;20200920;19;1
LU-FORNOLI;PM10;20200921;13;1
LU-FORNOLI;PM10;20200922;9;1
LU-FORNOLI;PM10;20200923;9;1
LU-FORNOLI;PM10;20200924;10;1
LU-FORNOLI;PM10;20200925;NaN;0
LU-FORNOLI;PM10;20200926;8;1
LU-FORNOLI;PM10;20200927;10;1
LU-FORNOLI;PM10;20200928;13;1
LU-FORNOLI;PM10;20200929;17;1
LU-FORNOLI;PM10;20200930;18;1
LU-FORNOLI;PM10;20201001;18;1
LU-FORNOLI;PM10;20201002;12;1
LU-FORNOLI;PM10;20201003;11;1
LU-FORNOLI;PM10;20201004;10;1
LU-FORNOLI;PM10;20201005;17;1
LU-FORNOLI;PM10;20201006;20;1
LU-FORNOLI;PM10;20201007;16;1
LU-FORNOLI;PM10;20201008;19;1
LU-FORNOLI;PM10;20201009;18;1
LU-FORNOLI;PM10;20201010;22;1
LU-FORNOLI;PM10;20201011;14;1
LU-FORNOLI;PM10;20201012;7;1
LU-FORNOLI;PM10;20201013;11;1
LU-FORNOLI;PM10;20201014;17;1
LU-FORNOLI;PM10;20201015;14;1
LU-FORNOLI;PM10;20201016;19;1
LU-FORNOLI;PM10;20201017;20;1
LU-FORNOLI;PM10;20201018;20;1
LU-FORNOLI;PM10;20201019;20;1
LU-FORNOLI;PM10;20201020;22;1
LU-FORNOLI;PM10;20201021;27;1
LU-FORNOLI;PM10;20201022;30;1
LU-FORNOLI;PM10;20201023;37;1
LU-FORNOLI;PM10;20201024;26;1
LU-FORNOLI;PM10;20201025;21;1
LU-FORNOLI;PM10;20201026;18;1
LU-FORNOLI;PM10;20201027;16;1
LU-FORNOLI;PM10;20201028;20;1
LU-FORNOLI;PM10;20201029;28;1
LU-FORNOLI;PM10;20201030;35;1
LU-FORNOLI;PM10;20201031;33;1
LU-FORNOLI;PM10;20201101;34;1
LU-FORNOLI;PM10;20201102;32;1
LU-FORNOLI;PM10;20201103;29;1
LU-FORNOLI;PM10;20201104;30;1
LU-FORNOLI;PM10;20201105;29;1
LU-FORNOLI;PM10;20201106;29;1
LU-FORNOLI;PM10;20201107;26;1
LU-FORNOLI;PM10;20201108;26;1
LU-FORNOLI;PM10;20201109;30;1
LU-FORNOLI;PM10;20201110;32;1
LU-FORNOLI;PM10;20201111;38;1
LU-FORNOLI;PM10;20201112;37;1
LU-FORNOLI;PM10;20201113;33;1
LU-FORNOLI;PM10;20201114;28;1
LU-FORNOLI;PM10;20201115;33;1
LU-FORNOLI;PM10;20201116;30;1
LU-FORNOLI;PM10;20201117;22;1
LU-FORNOLI;PM10;20201118;25;1
LU-FORNOLI;PM10;20201119;31;1
LU-FORNOLI;PM10;20201120;13;1
LU-FORNOLI;PM10;20201121;14;1
LU-FORNOLI;PM10;20201122;25;1
LU-FORNOLI;PM10;20201123;35;1
LU-FORNOLI;PM10;20201124;37;1
LU-FORNOLI;PM10;20201125;36;1
LU-FORNOLI;PM10;20201126;39;1
LU-FORNOLI;PM10;20201127;45;1
LU-FORNOLI;PM10;20201128;34;1
LU-FORNOLI;PM10;20201129;26;1
LU-FORNOLI;PM10;20201130;27;1
LU-FORNOLI;PM10;20201201;37;1
LU-FORNOLI;PM10;20201202;14;1
LU-FORNOLI;PM10;20201203;18;1
LU-FORNOLI;PM10;20201204;9;1
LU-FORNOLI;PM10;20201205;17;1
LU-FORNOLI;PM10;20201206;17;1
LU-FORNOLI;PM10;20201207;23;1
LU-FORNOLI;PM10;20201208;31;1
LU-FORNOLI;PM10;20201209;22;1
LU-FORNOLI;PM10;20201210;21;1
LU-FORNOLI;PM10;20201211;27;1
LU-FORNOLI;PM10;20201212;37;1
LU-FORNOLI;PM10;20201213;30;1
LU-FORNOLI;PM10;20201214;34;1
LU-FORNOLI;PM10;20201215;43;1
LU-FORNOLI;PM10;20201216;50;1
LU-FORNOLI;PM10;20201217;72;1
LU-FORNOLI;PM10;20201218;38;1
LU-FORNOLI;PM10;20201219;40;1
LU-FORNOLI;PM10;20201220;36;1
LU-FORNOLI;PM10;20201221;38;1
LU-FORNOLI;PM10;20201222;46;1
LU-FORNOLI;PM10;20201223;46;1
LU-FORNOLI;PM10;20201224;16;1
LU-FORNOLI;PM10;20201225;18;1
LU-FORNOLI;PM10;20201226;5;1
LU-FORNOLI;PM10;20201227;19;1
LU-FORNOLI;PM10;20201228;20;1
LU-FORNOLI;PM10;20201229;14;1
LU-FORNOLI;PM10;20201230;21;1
LU-FORNOLI;PM10;20201231;28;1
