STAZIONE;PARAMETRO;DATA (formato AAAAMMGG);MEDIA GIORNALIERA IN �g/m� A TEMP. AMBIENTE (NaN=non valida o non disponibile);VALIDITA' (1=valido, 0=invalido)
LU-SAN-CONCORDIO;PM10;20200101;102;1
LU-SAN-CONCORDIO;PM10;20200102;97;1
LU-SAN-CONCORDIO;PM10;20200103;86;1
LU-SAN-CONCORDIO;PM10;20200104;71;1
LU-SAN-CONCORDIO;PM10;20200105;51;1
LU-SAN-CONCORDIO;PM10;20200106;50;1
LU-SAN-CONCORDIO;PM10;20200107;69;1
LU-SAN-CONCORDIO;PM10;20200108;65;1
LU-SAN-CONCORDIO;PM10;20200109;77;1
LU-SAN-CONCORDIO;PM10;20200110;68;1
LU-SAN-CONCORDIO;PM10;20200111;42;1
LU-SAN-CONCORDIO;PM10;20200112;47;1
LU-SAN-CONCORDIO;PM10;20200113;57;1
LU-SAN-CONCORDIO;PM10;20200114;62;1
LU-SAN-CONCORDIO;PM10;20200115;60;1
LU-SAN-CONCORDIO;PM10;20200116;45;1
LU-SAN-CONCORDIO;PM10;20200117;45;1
LU-SAN-CONCORDIO;PM10;20200118;28;1
LU-SAN-CONCORDIO;PM10;20200119;16;1
LU-SAN-CONCORDIO;PM10;20200120;12;1
LU-SAN-CONCORDIO;PM10;20200121;30;1
LU-SAN-CONCORDIO;PM10;20200122;52;1
LU-SAN-CONCORDIO;PM10;20200123;48;1
LU-SAN-CONCORDIO;PM10;20200124;54;1
LU-SAN-CONCORDIO;PM10;20200125;29;1
LU-SAN-CONCORDIO;PM10;20200126;36;1
LU-SAN-CONCORDIO;PM10;20200127;38;1
LU-SAN-CONCORDIO;PM10;20200128;17;1
LU-SAN-CONCORDIO;PM10;20200129;36;1
LU-SAN-CONCORDIO;PM10;20200130;25;1
LU-SAN-CONCORDIO;PM10;20200131;23;1
LU-SAN-CONCORDIO;PM10;20200201;22;1
LU-SAN-CONCORDIO;PM10;20200202;20;1
LU-SAN-CONCORDIO;PM10;20200203;32;1
LU-SAN-CONCORDIO;PM10;20200204;22;1
LU-SAN-CONCORDIO;PM10;20200205;9;1
LU-SAN-CONCORDIO;PM10;20200206;35;1
LU-SAN-CONCORDIO;PM10;20200207;34;1
LU-SAN-CONCORDIO;PM10;20200208;38;1
LU-SAN-CONCORDIO;PM10;20200209;42;1
LU-SAN-CONCORDIO;PM10;20200210;28;1
LU-SAN-CONCORDIO;PM10;20200211;38;1
LU-SAN-CONCORDIO;PM10;20200212;31;1
LU-SAN-CONCORDIO;PM10;20200213;19;1
LU-SAN-CONCORDIO;PM10;20200214;29;1
LU-SAN-CONCORDIO;PM10;20200215;31;1
LU-SAN-CONCORDIO;PM10;20200216;29;1
LU-SAN-CONCORDIO;PM10;20200217;33;1
LU-SAN-CONCORDIO;PM10;20200218;20;1
LU-SAN-CONCORDIO;PM10;20200219;21;1
LU-SAN-CONCORDIO;PM10;20200220;28;1
LU-SAN-CONCORDIO;PM10;20200221;35;1
LU-SAN-CONCORDIO;PM10;20200222;35;1
LU-SAN-CONCORDIO;PM10;20200223;26;1
LU-SAN-CONCORDIO;PM10;20200224;26;1
LU-SAN-CONCORDIO;PM10;20200225;36;1
LU-SAN-CONCORDIO;PM10;20200226;12;1
LU-SAN-CONCORDIO;PM10;20200227;7;1
LU-SAN-CONCORDIO;PM10;20200228;16;1
LU-SAN-CONCORDIO;PM10;20200229;34;1
LU-SAN-CONCORDIO;PM10;20200301;30;1
LU-SAN-CONCORDIO;PM10;20200302;14;1
LU-SAN-CONCORDIO;PM10;20200303;10;1
LU-SAN-CONCORDIO;PM10;20200304;22;1
LU-SAN-CONCORDIO;PM10;20200305;26;1
LU-SAN-CONCORDIO;PM10;20200306;21;1
LU-SAN-CONCORDIO;PM10;20200307;22;1
LU-SAN-CONCORDIO;PM10;20200308;19;1
LU-SAN-CONCORDIO;PM10;20200309;34;1
LU-SAN-CONCORDIO;PM10;20200310;19;1
LU-SAN-CONCORDIO;PM10;20200311;25;1
LU-SAN-CONCORDIO;PM10;20200312;29;1
LU-SAN-CONCORDIO;PM10;20200313;30;1
LU-SAN-CONCORDIO;PM10;20200314;24;1
LU-SAN-CONCORDIO;PM10;20200315;11;1
LU-SAN-CONCORDIO;PM10;20200316;22;1
LU-SAN-CONCORDIO;PM10;20200317;34;1
LU-SAN-CONCORDIO;PM10;20200318;43;1
LU-SAN-CONCORDIO;PM10;20200319;31;1
LU-SAN-CONCORDIO;PM10;20200320;29;1
LU-SAN-CONCORDIO;PM10;20200321;26;1
LU-SAN-CONCORDIO;PM10;20200322;23;1
LU-SAN-CONCORDIO;PM10;20200323;11;1
LU-SAN-CONCORDIO;PM10;20200324;NaN;0
LU-SAN-CONCORDIO;PM10;20200325;16;1
LU-SAN-CONCORDIO;PM10;20200326;9;1
LU-SAN-CONCORDIO;PM10;20200327;14;1
LU-SAN-CONCORDIO;PM10;20200328;94;1
LU-SAN-CONCORDIO;PM10;20200329;60;1
LU-SAN-CONCORDIO;PM10;20200330;36;1
LU-SAN-CONCORDIO;PM10;20200331;10;1
LU-SAN-CONCORDIO;PM10;20200401;12;1
LU-SAN-CONCORDIO;PM10;20200402;18;1
LU-SAN-CONCORDIO;PM10;20200403;24;1
LU-SAN-CONCORDIO;PM10;20200404;23;1
LU-SAN-CONCORDIO;PM10;20200405;24;1
LU-SAN-CONCORDIO;PM10;20200406;30;1
LU-SAN-CONCORDIO;PM10;20200407;30;1
LU-SAN-CONCORDIO;PM10;20200408;24;1
LU-SAN-CONCORDIO;PM10;20200409;23;1
LU-SAN-CONCORDIO;PM10;20200410;24;1
LU-SAN-CONCORDIO;PM10;20200411;19;1
LU-SAN-CONCORDIO;PM10;20200412;17;1
LU-SAN-CONCORDIO;PM10;20200413;16;1
LU-SAN-CONCORDIO;PM10;20200414;11;1
LU-SAN-CONCORDIO;PM10;20200415;14;1
LU-SAN-CONCORDIO;PM10;20200416;24;1
LU-SAN-CONCORDIO;PM10;20200417;26;1
LU-SAN-CONCORDIO;PM10;20200418;30;1
LU-SAN-CONCORDIO;PM10;20200419;27;1
LU-SAN-CONCORDIO;PM10;20200420;11;1
LU-SAN-CONCORDIO;PM10;20200421;7;1
LU-SAN-CONCORDIO;PM10;20200422;16;1
LU-SAN-CONCORDIO;PM10;20200423;22;1
LU-SAN-CONCORDIO;PM10;20200424;21;1
LU-SAN-CONCORDIO;PM10;20200425;14;1
LU-SAN-CONCORDIO;PM10;20200426;12;1
LU-SAN-CONCORDIO;PM10;20200427;12;1
LU-SAN-CONCORDIO;PM10;20200428;11;1
LU-SAN-CONCORDIO;PM10;20200429;20;1
LU-SAN-CONCORDIO;PM10;20200430;12;1
LU-SAN-CONCORDIO;PM10;20200501;15;1
LU-SAN-CONCORDIO;PM10;20200502;19;1
LU-SAN-CONCORDIO;PM10;20200503;13;1
LU-SAN-CONCORDIO;PM10;20200504;11;1
LU-SAN-CONCORDIO;PM10;20200505;15;1
LU-SAN-CONCORDIO;PM10;20200506;14;1
LU-SAN-CONCORDIO;PM10;20200507;11;1
LU-SAN-CONCORDIO;PM10;20200508;14;1
LU-SAN-CONCORDIO;PM10;20200509;12;1
LU-SAN-CONCORDIO;PM10;20200510;12;1
LU-SAN-CONCORDIO;PM10;20200511;8;1
LU-SAN-CONCORDIO;PM10;20200512;9;1
LU-SAN-CONCORDIO;PM10;20200513;19;1
LU-SAN-CONCORDIO;PM10;20200514;37;1
LU-SAN-CONCORDIO;PM10;20200515;15;1
LU-SAN-CONCORDIO;PM10;20200516;16;1
LU-SAN-CONCORDIO;PM10;20200517;18;1
LU-SAN-CONCORDIO;PM10;20200518;28;1
LU-SAN-CONCORDIO;PM10;20200519;20;1
LU-SAN-CONCORDIO;PM10;20200520;12;1
LU-SAN-CONCORDIO;PM10;20200521;16;1
LU-SAN-CONCORDIO;PM10;20200522;16;1
LU-SAN-CONCORDIO;PM10;20200523;15;1
LU-SAN-CONCORDIO;PM10;20200524;14;1
LU-SAN-CONCORDIO;PM10;20200525;9;1
LU-SAN-CONCORDIO;PM10;20200526;10;1
LU-SAN-CONCORDIO;PM10;20200527;9;1
LU-SAN-CONCORDIO;PM10;20200528;8;1
LU-SAN-CONCORDIO;PM10;20200529;6;1
LU-SAN-CONCORDIO;PM10;20200530;9;1
LU-SAN-CONCORDIO;PM10;20200531;9;1
LU-SAN-CONCORDIO;PM10;20200601;12;1
LU-SAN-CONCORDIO;PM10;20200602;10;1
LU-SAN-CONCORDIO;PM10;20200603;10;1
LU-SAN-CONCORDIO;PM10;20200604;11;1
LU-SAN-CONCORDIO;PM10;20200605;15;1
LU-SAN-CONCORDIO;PM10;20200606;14;1
LU-SAN-CONCORDIO;PM10;20200607;13;1
LU-SAN-CONCORDIO;PM10;20200608;17;1
LU-SAN-CONCORDIO;PM10;20200609;14;1
LU-SAN-CONCORDIO;PM10;20200610;9;1
LU-SAN-CONCORDIO;PM10;20200611;12;1
LU-SAN-CONCORDIO;PM10;20200612;13;1
LU-SAN-CONCORDIO;PM10;20200613;14;1
LU-SAN-CONCORDIO;PM10;20200614;8;1
LU-SAN-CONCORDIO;PM10;20200615;15;1
LU-SAN-CONCORDIO;PM10;20200616;16;1
LU-SAN-CONCORDIO;PM10;20200617;16;1
LU-SAN-CONCORDIO;PM10;20200618;14;1
LU-SAN-CONCORDIO;PM10;20200619;12;1
LU-SAN-CONCORDIO;PM10;20200620;13;1
LU-SAN-CONCORDIO;PM10;20200621;15;1
LU-SAN-CONCORDIO;PM10;20200622;14;1
LU-SAN-CONCORDIO;PM10;20200623;NaN;0
LU-SAN-CONCORDIO;PM10;20200624;16;1
LU-SAN-CONCORDIO;PM10;20200625;17;1
LU-SAN-CONCORDIO;PM10;20200626;18;1
LU-SAN-CONCORDIO;PM10;20200627;15;1
LU-SAN-CONCORDIO;PM10;20200628;14;1
LU-SAN-CONCORDIO;PM10;20200629;24;1
LU-SAN-CONCORDIO;PM10;20200630;17;1
LU-SAN-CONCORDIO;PM10;20200701;15;1
LU-SAN-CONCORDIO;PM10;20200702;17;1
LU-SAN-CONCORDIO;PM10;20200703;19;1
LU-SAN-CONCORDIO;PM10;20200704;12;1
LU-SAN-CONCORDIO;PM10;20200705;12;1
LU-SAN-CONCORDIO;PM10;20200706;12;1
LU-SAN-CONCORDIO;PM10;20200707;14;1
LU-SAN-CONCORDIO;PM10;20200708;14;1
LU-SAN-CONCORDIO;PM10;20200709;17;1
LU-SAN-CONCORDIO;PM10;20200710;18;1
LU-SAN-CONCORDIO;PM10;20200711;17;1
LU-SAN-CONCORDIO;PM10;20200712;11;1
LU-SAN-CONCORDIO;PM10;20200713;9;1
LU-SAN-CONCORDIO;PM10;20200714;13;1
LU-SAN-CONCORDIO;PM10;20200715;17;1
LU-SAN-CONCORDIO;PM10;20200716;17;1
LU-SAN-CONCORDIO;PM10;20200717;15;1
LU-SAN-CONCORDIO;PM10;20200718;11;1
LU-SAN-CONCORDIO;PM10;20200719;9;1
LU-SAN-CONCORDIO;PM10;20200720;13;1
LU-SAN-CONCORDIO;PM10;20200721;13;1
LU-SAN-CONCORDIO;PM10;20200722;12;1
LU-SAN-CONCORDIO;PM10;20200723;14;1
LU-SAN-CONCORDIO;PM10;20200724;14;1
LU-SAN-CONCORDIO;PM10;20200725;8;1
LU-SAN-CONCORDIO;PM10;20200726;12;1
LU-SAN-CONCORDIO;PM10;20200727;16;1
LU-SAN-CONCORDIO;PM10;20200728;16;1
LU-SAN-CONCORDIO;PM10;20200729;18;1
LU-SAN-CONCORDIO;PM10;20200730;20;1
LU-SAN-CONCORDIO;PM10;20200731;21;1
LU-SAN-CONCORDIO;PM10;20200801;18;1
LU-SAN-CONCORDIO;PM10;20200802;17;1
LU-SAN-CONCORDIO;PM10;20200803;21;1
LU-SAN-CONCORDIO;PM10;20200804;10;1
LU-SAN-CONCORDIO;PM10;20200805;8;1
LU-SAN-CONCORDIO;PM10;20200806;12;1
LU-SAN-CONCORDIO;PM10;20200807;19;1
LU-SAN-CONCORDIO;PM10;20200808;20;1
LU-SAN-CONCORDIO;PM10;20200809;20;1
LU-SAN-CONCORDIO;PM10;20200810;20;1
LU-SAN-CONCORDIO;PM10;20200811;19;1
LU-SAN-CONCORDIO;PM10;20200812;17;1
LU-SAN-CONCORDIO;PM10;20200813;20;1
LU-SAN-CONCORDIO;PM10;20200814;21;1
LU-SAN-CONCORDIO;PM10;20200815;19;1
LU-SAN-CONCORDIO;PM10;20200816;18;1
LU-SAN-CONCORDIO;PM10;20200817;16;1
LU-SAN-CONCORDIO;PM10;20200818;13;1
LU-SAN-CONCORDIO;PM10;20200819;15;1
LU-SAN-CONCORDIO;PM10;20200820;11;1
LU-SAN-CONCORDIO;PM10;20200821;12;1
LU-SAN-CONCORDIO;PM10;20200822;11;1
LU-SAN-CONCORDIO;PM10;20200823;12;1
LU-SAN-CONCORDIO;PM10;20200824;13;1
LU-SAN-CONCORDIO;PM10;20200825;NaN;0
LU-SAN-CONCORDIO;PM10;20200826;NaN;0
LU-SAN-CONCORDIO;PM10;20200827;NaN;0
LU-SAN-CONCORDIO;PM10;20200828;NaN;0
LU-SAN-CONCORDIO;PM10;20200829;21;1
LU-SAN-CONCORDIO;PM10;20200830;12;1
LU-SAN-CONCORDIO;PM10;20200831;14;1
LU-SAN-CONCORDIO;PM10;20200901;15;1
LU-SAN-CONCORDIO;PM10;20200902;15;1
LU-SAN-CONCORDIO;PM10;20200903;16;1
LU-SAN-CONCORDIO;PM10;20200904;14;1
LU-SAN-CONCORDIO;PM10;20200905;12;1
LU-SAN-CONCORDIO;PM10;20200906;10;1
LU-SAN-CONCORDIO;PM10;20200907;12;1
LU-SAN-CONCORDIO;PM10;20200908;18;1
LU-SAN-CONCORDIO;PM10;20200909;18;1
LU-SAN-CONCORDIO;PM10;20200910;28;1
LU-SAN-CONCORDIO;PM10;20200911;27;1
LU-SAN-CONCORDIO;PM10;20200912;23;1
LU-SAN-CONCORDIO;PM10;20200913;29;1
LU-SAN-CONCORDIO;PM10;20200914;30;1
LU-SAN-CONCORDIO;PM10;20200915;29;1
LU-SAN-CONCORDIO;PM10;20200916;29;1
LU-SAN-CONCORDIO;PM10;20200917;NaN;0
LU-SAN-CONCORDIO;PM10;20200918;30;1
LU-SAN-CONCORDIO;PM10;20200919;32;1
LU-SAN-CONCORDIO;PM10;20200920;26;1
LU-SAN-CONCORDIO;PM10;20200921;15;1
LU-SAN-CONCORDIO;PM10;20200922;12;1
LU-SAN-CONCORDIO;PM10;20200923;10;1
LU-SAN-CONCORDIO;PM10;20200924;9;1
LU-SAN-CONCORDIO;PM10;20200925;11;1
LU-SAN-CONCORDIO;PM10;20200926;12;1
LU-SAN-CONCORDIO;PM10;20200927;6;1
LU-SAN-CONCORDIO;PM10;20200928;17;1
LU-SAN-CONCORDIO;PM10;20200929;18;1
LU-SAN-CONCORDIO;PM10;20200930;24;1
LU-SAN-CONCORDIO;PM10;20201001;19;1
LU-SAN-CONCORDIO;PM10;20201002;10;1
LU-SAN-CONCORDIO;PM10;20201003;10;1
LU-SAN-CONCORDIO;PM10;20201004;5;1
LU-SAN-CONCORDIO;PM10;20201005;16;1
LU-SAN-CONCORDIO;PM10;20201006;15;1
LU-SAN-CONCORDIO;PM10;20201007;19;1
LU-SAN-CONCORDIO;PM10;20201008;24;1
LU-SAN-CONCORDIO;PM10;20201009;21;1
LU-SAN-CONCORDIO;PM10;20201010;27;1
LU-SAN-CONCORDIO;PM10;20201011;13;1
LU-SAN-CONCORDIO;PM10;20201012;10;1
LU-SAN-CONCORDIO;PM10;20201013;16;1
LU-SAN-CONCORDIO;PM10;20201014;10;1
LU-SAN-CONCORDIO;PM10;20201015;10;1
LU-SAN-CONCORDIO;PM10;20201016;15;1
LU-SAN-CONCORDIO;PM10;20201017;21;1
LU-SAN-CONCORDIO;PM10;20201018;23;1
LU-SAN-CONCORDIO;PM10;20201019;25;1
LU-SAN-CONCORDIO;PM10;20201020;27;1
LU-SAN-CONCORDIO;PM10;20201021;31;1
LU-SAN-CONCORDIO;PM10;20201022;36;1
LU-SAN-CONCORDIO;PM10;20201023;34;1
LU-SAN-CONCORDIO;PM10;20201024;22;1
LU-SAN-CONCORDIO;PM10;20201025;19;1
LU-SAN-CONCORDIO;PM10;20201026;14;1
LU-SAN-CONCORDIO;PM10;20201027;15;1
LU-SAN-CONCORDIO;PM10;20201028;22;1
LU-SAN-CONCORDIO;PM10;20201029;29;1
LU-SAN-CONCORDIO;PM10;20201030;38;1
LU-SAN-CONCORDIO;PM10;20201031;40;1
LU-SAN-CONCORDIO;PM10;20201101;27;1
LU-SAN-CONCORDIO;PM10;20201102;36;1
LU-SAN-CONCORDIO;PM10;20201103;28;1
LU-SAN-CONCORDIO;PM10;20201104;25;1
LU-SAN-CONCORDIO;PM10;20201105;32;1
LU-SAN-CONCORDIO;PM10;20201106;29;1
LU-SAN-CONCORDIO;PM10;20201107;33;1
LU-SAN-CONCORDIO;PM10;20201108;36;1
LU-SAN-CONCORDIO;PM10;20201109;41;1
LU-SAN-CONCORDIO;PM10;20201110;48;1
LU-SAN-CONCORDIO;PM10;20201111;53;1
LU-SAN-CONCORDIO;PM10;20201112;53;1
LU-SAN-CONCORDIO;PM10;20201113;35;1
LU-SAN-CONCORDIO;PM10;20201114;39;1
LU-SAN-CONCORDIO;PM10;20201115;32;1
LU-SAN-CONCORDIO;PM10;20201116;32;1
LU-SAN-CONCORDIO;PM10;20201117;22;1
LU-SAN-CONCORDIO;PM10;20201118;35;1
LU-SAN-CONCORDIO;PM10;20201119;46;1
LU-SAN-CONCORDIO;PM10;20201120;13;1
LU-SAN-CONCORDIO;PM10;20201121;9;1
LU-SAN-CONCORDIO;PM10;20201122;31;1
LU-SAN-CONCORDIO;PM10;20201123;51;1
LU-SAN-CONCORDIO;PM10;20201124;55;1
LU-SAN-CONCORDIO;PM10;20201125;48;1
LU-SAN-CONCORDIO;PM10;20201126;48;1
LU-SAN-CONCORDIO;PM10;20201127;51;1
LU-SAN-CONCORDIO;PM10;20201128;32;1
LU-SAN-CONCORDIO;PM10;20201129;16;1
LU-SAN-CONCORDIO;PM10;20201130;48;1
LU-SAN-CONCORDIO;PM10;20201201;32;1
LU-SAN-CONCORDIO;PM10;20201202;7;1
LU-SAN-CONCORDIO;PM10;20201203;22;1
LU-SAN-CONCORDIO;PM10;20201204;20;1
LU-SAN-CONCORDIO;PM10;20201205;14;1
LU-SAN-CONCORDIO;PM10;20201206;19;1
LU-SAN-CONCORDIO;PM10;20201207;18;1
LU-SAN-CONCORDIO;PM10;20201208;15;1
LU-SAN-CONCORDIO;PM10;20201209;13;1
LU-SAN-CONCORDIO;PM10;20201210;24;1
LU-SAN-CONCORDIO;PM10;20201211;27;1
LU-SAN-CONCORDIO;PM10;20201212;29;1
LU-SAN-CONCORDIO;PM10;20201213;37;1
LU-SAN-CONCORDIO;PM10;20201214;48;1
LU-SAN-CONCORDIO;PM10;20201215;60;1
LU-SAN-CONCORDIO;PM10;20201216;55;1
LU-SAN-CONCORDIO;PM10;20201217;48;1
LU-SAN-CONCORDIO;PM10;20201218;57;1
LU-SAN-CONCORDIO;PM10;20201219;48;1
LU-SAN-CONCORDIO;PM10;20201220;48;1
LU-SAN-CONCORDIO;PM10;20201221;54;1
LU-SAN-CONCORDIO;PM10;20201222;70;1
LU-SAN-CONCORDIO;PM10;20201223;11;1
LU-SAN-CONCORDIO;PM10;20201224;13;1
LU-SAN-CONCORDIO;PM10;20201225;15;1
LU-SAN-CONCORDIO;PM10;20201226;3;1
LU-SAN-CONCORDIO;PM10;20201227;29;1
LU-SAN-CONCORDIO;PM10;20201228;21;1
LU-SAN-CONCORDIO;PM10;20201229;12;1
LU-SAN-CONCORDIO;PM10;20201230;26;1
LU-SAN-CONCORDIO;PM10;20201231;32;1
